log_exposure_lux_seconds,red_density,green_density,blue_density,red_diffuse_rms_granularity,green_diffuse_rms_granularity,blue_diffuse_rms_granularity
0.00,0.066107,0.066107,0.066107,,,
0.01,0.066107,0.066107,0.066107,0.002272,0.002159,0.007004
0.02,0.066107,0.066107,0.066107,0.002272,0.002154,0.007002
0.03,0.066107,0.066107,0.066107,0.002273,0.002148,0.007003
0.04,0.066107,0.066107,0.066107,0.002274,0.002143,0.007005
0.05,0.066107,0.066107,0.066107,0.002275,0.002138,0.007008
0.06,0.066107,0.066107,0.066107,0.002276,0.002133,0.007013
0.07,0.066107,0.066107,0.066107,0.002277,0.002129,0.007019
0.08,0.066107,0.066107,0.066107,0.002278,0.002124,0.007026
0.09,0.066107,0.066107,0.066107,0.002279,0.002120,0.007035
0.10,0.066107,0.066107,0.066107,0.002280,0.002115,0.007045
0.11,0.066107,0.066107,0.066107,0.002281,0.002111,0.007057
0.12,0.066107,0.066107,0.066107,0.002281,0.002107,0.007070
0.13,0.066107,0.066107,0.066107,0.002282,0.002104,0.007085
0.14,0.066107,0.066107,0.066107,0.002283,0.002100,0.007101
0.15,0.066107,0.066107,0.066107,0.002284,0.002096,0.007119
0.16,0.066107,0.066107,0.066107,0.002285,0.002093,0.007139
0.17,0.066107,0.066107,0.066107,0.002286,0.002090,0.007161
0.18,0.066107,0.066107,0.066107,0.002287,0.002087,0.007185
0.19,0.066107,0.066107,0.066107,0.002288,0.002085,0.007211
0.20,0.066107,0.066107,0.066107,0.002289,0.002082,0.007239
0.21,0.066107,0.066107,0.066107,0.002290,0.002080,0.007271
0.22,0.066107,0.066107,0.066107,0.002291,0.002078,0.007305
0.23,0.066107,0.066107,0.066107,0.002291,0.002077,0.007342
0.24,0.066107,0.066107,0.066107,0.002292,0.002076,0.007383
0.25,0.066107,0.066107,0.066107,0.002293,0.002075,0.007428
0.26,0.066107,0.066107,0.066107,0.002294,0.002075,0.007477
0.27,0.066107,0.066107,0.066107,0.002295,0.002076,0.007531
0.28,0.066107,0.066107,0.066107,0.002296,0.002077,0.007592
0.29,0.066107,0.066107,0.066107,0.002297,0.002080,0.007659
0.30,0.066107,0.066107,0.066107,0.002298,0.002084,0.007734
0.31,0.066107,0.066107,0.066107,0.002299,0.002090,0.007811
0.32,0.066107,0.066107,0.066107,0.002300,0.002098,0.007891
0.33,0.066107,0.066107,0.066107,0.002301,0.002107,0.007974
0.34,0.066107,0.066107,0.066107,0.002301,0.002117,0.008058
0.35,0.066107,0.066107,0.066107,0.002302,0.002129,0.008145
0.36,0.066107,0.066107,0.066107,0.002303,0.002141,0.008235
0.37,0.066075,0.066107,0.066107,0.002304,0.002155,0.008326
0.38,0.065936,0.066383,0.066674,0.002305,0.002169,0.008420
0.39,0.065822,0.066909,0.067746,0.002306,0.002184,0.008516
0.40,0.065727,0.067455,0.068848,0.002307,0.002200,0.008614
0.41,0.065649,0.068016,0.069975,0.002308,0.002217,0.008715
0.42,0.065588,0.068593,0.071126,0.002309,0.002235,0.008818
0.43,0.065543,0.069184,0.072300,0.002310,0.002254,0.008923
0.44,0.065514,0.069789,0.073496,0.002311,0.002273,0.009031
0.45,0.065500,0.070408,0.074714,0.002312,0.002293,0.009141
0.46,0.065503,0.071041,0.075954,0.002312,0.002314,0.009254
0.47,0.065521,0.071688,0.077216,0.002314,0.002336,0.009369
0.48,0.065555,0.072349,0.078501,0.002315,0.002358,0.009488
0.49,0.065606,0.073025,0.079809,0.002318,0.002382,0.009608
0.50,0.065674,0.073716,0.081140,0.002321,0.002405,0.009732
0.51,0.065760,0.074422,0.082495,0.002324,0.002430,0.009859
0.52,0.065863,0.075144,0.083874,0.002327,0.002456,0.009989
0.53,0.065984,0.075883,0.085279,0.002331,0.002482,0.010122
0.54,0.066126,0.076639,0.086712,0.002336,0.002509,0.010258
0.55,0.066287,0.077412,0.088172,0.002341,0.002537,0.010399
0.56,0.066468,0.078204,0.089660,0.002347,0.002565,0.010545
0.57,0.066673,0.079017,0.091179,0.002354,0.002595,0.010695
0.58,0.066900,0.079849,0.092731,0.002361,0.002625,0.010850
0.59,0.067151,0.080703,0.094315,0.002370,0.002657,0.011007
0.60,0.067428,0.081581,0.095933,0.002380,0.002688,0.011166
0.61,0.067732,0.082483,0.097591,0.002391,0.002714,0.011328
0.62,0.068064,0.083411,0.099289,0.002406,0.002740,0.011494
0.63,0.068428,0.084367,0.101027,0.002425,0.002766,0.011663
0.64,0.068825,0.085354,0.102813,0.002453,0.002793,0.011835
0.65,0.069257,0.086374,0.104649,0.002489,0.002821,0.012011
0.66,0.069727,0.087430,0.106536,0.002522,0.002848,0.012190
0.67,0.070241,0.088524,0.108481,0.002554,0.002876,0.012373
0.68,0.070799,0.089662,0.110492,0.002585,0.002905,0.012561
0.69,0.071408,0.090847,0.112573,0.002617,0.002933,0.012753
0.70,0.072071,0.092087,0.114732,0.002648,0.002963,0.012949
0.71,0.072798,0.093388,0.116978,0.002680,0.002992,0.013149
0.72,0.073597,0.094760,0.119324,0.002712,0.003022,0.013355
0.73,0.074476,0.096213,0.121784,0.002744,0.003053,0.013565
0.74,0.075449,0.097763,0.124376,0.002776,0.003084,0.013781
0.75,0.076532,0.099429,0.127127,0.002809,0.003115,0.014002
0.76,0.077752,0.101248,0.130066,0.002841,0.003147,0.014229
0.77,0.079137,0.103257,0.133253,0.002874,0.003180,0.014464
0.78,0.080736,0.105537,0.136744,0.002908,0.003214,0.014713
0.79,0.082625,0.108227,0.140676,0.002941,0.003248,0.014977
0.80,0.084955,0.111282,0.145282,0.002975,0.003282,0.015253
0.81,0.087852,0.114453,0.150761,0.003010,0.003318,0.015541
0.82,0.090793,0.117761,0.156234,0.003044,0.003355,0.015841
0.83,0.093696,0.121235,0.161555,0.003079,0.003394,0.016153
0.84,0.096591,0.124907,0.166747,0.003115,0.003434,0.016475
0.85,0.099514,0.128809,0.171853,0.003150,0.003478,0.016809
0.86,0.102501,0.132972,0.176923,0.003187,0.003530,0.017154
0.87,0.105588,0.137425,0.182026,0.003223,0.003591,0.017510
0.88,0.108817,0.142203,0.187242,0.003260,0.003654,0.017877
0.89,0.112225,0.147326,0.192659,0.003298,0.003720,0.018256
0.90,0.115851,0.152822,0.198363,0.003336,0.003788,0.018646
0.91,0.119734,0.158707,0.204433,0.003374,0.003857,0.019047
0.92,0.123910,0.164994,0.210926,0.003413,0.003928,0.019461
0.93,0.128413,0.171692,0.217884,0.003452,0.004001,0.019887
0.94,0.133276,0.178800,0.225322,0.003493,0.004075,0.020325
0.95,0.138526,0.186317,0.233236,0.003533,0.004150,0.020776
0.96,0.144190,0.194238,0.241612,0.003575,0.004228,0.021240
0.97,0.150289,0.202548,0.250419,0.003618,0.004306,0.021718
0.98,0.156841,0.211233,0.259628,0.003664,0.004387,0.022210
0.99,0.163859,0.220276,0.269203,0.003713,0.004469,0.022717
1.00,0.171354,0.229659,0.279110,0.003765,0.004553,0.023226
1.01,0.179332,0.239361,0.289317,0.003820,0.004638,0.023705
1.02,0.187794,0.249368,0.299776,0.003880,0.004725,0.024194
1.03,0.196740,0.259654,0.310327,0.003944,0.004814,0.024692
1.04,0.206172,0.270224,0.320948,0.004012,0.004904,0.025200
1.05,0.216083,0.281134,0.331653,0.004086,0.004997,0.025718
1.06,0.226441,0.292410,0.342458,0.004167,0.005091,0.026246
1.07,0.236885,0.304083,0.353380,0.004253,0.005187,0.026784
1.08,0.247272,0.316184,0.364444,0.004347,0.005285,0.027332
1.09,0.257611,0.328756,0.375677,0.004448,0.005385,0.027891
1.10,0.267911,0.341827,0.387113,0.004554,0.005487,0.028461
1.11,0.278184,0.355438,0.398796,0.004661,0.005590,0.029041
1.12,0.288440,0.369617,0.410774,0.004772,0.005696,0.029633
1.13,0.298692,0.384394,0.423107,0.004885,0.005804,0.030235
1.14,0.308953,0.399769,0.435858,0.005001,0.005914,0.030848
1.15,0.319238,0.415720,0.449093,0.005119,0.006029,0.031472
1.16,0.329565,0.432169,0.462867,0.005240,0.006147,0.032107
1.17,0.339956,0.448974,0.477212,0.005363,0.006267,0.032753
1.18,0.350433,0.465911,0.492123,0.005490,0.006389,0.033410
1.19,0.361023,0.482682,0.507523,0.005619,0.006514,0.034076
1.20,0.371764,0.498950,0.522789,0.005750,0.006641,0.034752
1.21,0.382696,0.514583,0.537868,0.005885,0.006771,0.035435
1.22,0.393873,0.530428,0.552944,0.006022,0.006903,0.036124
1.23,0.405365,0.546728,0.568170,0.006162,0.007037,0.036811
1.24,0.417270,0.563597,0.583691,0.006305,0.007175,0.037488
1.25,0.429720,0.581158,0.599642,0.006450,0.007315,0.038161
1.26,0.442913,0.599545,0.616167,0.006598,0.007457,0.038832
1.27,0.457184,0.618891,0.633424,0.006748,0.007603,0.039500
1.28,0.472849,0.639356,0.651583,0.006900,0.007751,0.040166
1.29,0.489715,0.661099,0.670867,0.007054,0.007903,0.040830
1.30,0.507802,0.684304,0.691527,0.007208,0.008057,0.041491
1.31,0.527120,0.709178,0.713907,0.007362,0.008214,0.042147
1.32,0.547696,0.735946,0.738472,0.007508,0.008374,0.042798
1.33,0.569536,0.764867,0.765887,0.007636,0.008530,0.043443
1.34,0.592654,0.796383,0.797139,0.007763,0.008687,0.044080
1.35,0.617060,0.830409,0.831191,0.007892,0.008847,0.044707
1.36,0.642761,0.865363,0.866155,0.008021,0.009010,0.045322
1.37,0.669756,0.900782,0.901580,0.008152,0.009176,0.045921
1.38,0.698044,0.936504,0.937305,0.008285,0.009346,0.046502
1.39,0.727617,0.972434,0.973238,0.008418,0.009518,0.047059
1.40,0.758462,1.008522,1.009329,0.008553,0.009694,0.047589
1.41,0.792597,1.044738,1.045547,0.008689,0.009872,0.048083
1.42,0.830240,1.081059,1.081869,0.008826,0.010054,0.048533
1.43,0.869357,1.117465,1.118276,0.008964,0.010240,0.048927
1.44,0.909340,1.153947,1.154760,0.009103,0.010429,0.049254
1.45,0.949901,1.190493,1.191306,0.009243,0.010621,0.049591
1.46,0.990900,1.227098,1.227912,0.009383,0.010817,0.049967
1.47,1.032233,1.263753,1.264568,0.009524,0.011016,0.050374
1.48,1.073838,1.300455,1.301270,0.009665,0.011219,0.050806
1.49,1.115667,1.337199,1.338015,0.009806,0.011426,0.051255
1.50,1.157691,1.373980,1.374797,0.009947,0.011637,0.051714
1.51,1.199882,1.410799,1.411617,0.010087,0.011852,0.052177
1.52,1.242218,1.447650,1.448468,0.010225,0.012070,0.052641
1.53,1.284684,1.484533,1.485352,0.010362,0.012293,0.053099
1.54,1.327270,1.521445,1.522264,0.010496,0.012520,0.053550
1.55,1.369962,1.558385,1.559204,0.010625,0.012750,0.053989
1.56,1.412753,1.595351,1.596171,0.010749,0.012986,0.054416
1.57,1.455633,1.632343,1.633163,0.010865,0.013225,0.054828
1.58,1.498599,1.669360,1.670181,0.010985,0.013469,0.055224
1.59,1.541646,1.706401,1.707223,0.011109,0.013717,0.055604
1.60,1.584769,1.743468,1.744289,0.011237,0.013970,0.055967
1.61,1.627965,1.780558,1.781380,0.011369,0.014228,0.056313
1.62,1.671231,1.817676,1.818498,0.011504,0.014477,0.056641
1.63,1.714568,1.854823,1.855646,0.011640,0.014669,0.056953
1.64,1.757975,1.891624,1.894905,0.011778,0.014849,0.057246
1.65,1.801455,1.928206,1.935720,0.011916,0.015019,0.057523
1.66,1.845020,1.964856,1.976603,0.012052,0.015176,0.057784
1.67,1.886382,2.001567,2.017546,0.012185,0.015316,0.058028
1.68,1.926055,2.038337,2.058551,0.012313,0.015433,0.058256
1.69,1.965795,2.075166,2.099617,0.012432,0.015515,0.058466
1.70,2.005595,2.112055,2.140747,0.012540,0.015541,0.058656
1.71,2.045455,2.149008,2.181945,0.012631,0.015551,0.058826
1.72,2.085374,2.186029,2.223217,0.012698,0.015563,0.058974
1.73,2.125357,2.223120,2.264569,0.012730,0.015577,0.059099
1.74,2.165404,2.260289,2.306009,0.012725,0.015592,0.059197
1.75,2.205522,2.297542,2.347547,0.012726,0.015608,0.059269
1.76,2.245716,2.334888,2.389198,0.012738,0.015624,0.059311
1.77,2.285993,2.372336,2.430980,0.012763,0.015641,0.059322
1.78,2.326363,2.409902,2.472913,0.012802,0.015657,0.059299
1.79,2.366836,2.447602,2.515032,0.012859,0.015674,0.059240
1.80,2.407426,2.485456,2.557380,0.012937,0.015692,0.059142
1.81,2.448153,2.523494,2.600031,0.013043,0.015709,0.059004
1.82,2.489040,2.561758,2.643097,0.013182,0.015727,0.058826
1.83,2.530122,2.600309,2.686811,0.013322,0.015744,0.058610
1.84,2.571450,2.639231,2.731728,0.013461,0.015762,0.058372
1.85,2.613098,2.678689,2.781133,0.013600,0.015780,0.058158
1.86,2.655191,2.719002,2.837285,0.013740,0.015799,0.058077
1.87,2.697978,2.761045,2.892550,0.013881,0.015817,0.057921
1.88,2.742083,2.810753,2.947459,0.014023,0.015835,0.057699
1.89,2.791439,2.861201,3.002158,0.014166,0.015854,0.057444
1.90,2.842448,2.908098,3.056711,0.014310,0.015872,0.057169
1.91,2.888415,2.953218,3.111156,0.014456,0.015891,0.056879
1.92,2.931903,2.997195,3.165511,0.014603,0.015910,0.056577
1.93,2.973801,3.040334,3.219789,0.014751,0.015929,0.056267
1.94,3.014521,3.082792,3.273995,,0.015948,0.055949
1.95,3.054256,3.124625,,,,
1.96,,,,,,
